source,target,tgt_lng
randomized controlled trial,随机对照试验,zh
systematic review,系统评价,zh
meta-analysis,Meta 分析,zh
confidence interval,置信区间,zh
hazard ratio,风险比,zh
odds ratio,比值比,zh
relative risk,相对危险度,zh
evidence-based,循证,zh
clinical practice guideline,临床实践指南,zh
consensus statement,共识声明,zh
placebo,安慰剂,zh
double-blind,双盲,zh
adverse event,不良事件,zh
contraindication,禁忌证,zh
comorbidity,合并症,zh
follow-up,随访,zh
biopsy,活检,zh
remission,缓解,zh
relapse,复发,zh
flare,发作,zh
glucocorticoid,糖皮质激素,zh
immunosuppressant,免疫抑制剂,zh
biologic,生物制剂,zh
methotrexate,甲氨蝶呤,zh
rituximab,利妥昔单抗,zh
adalimumab,阿达木单抗,zh
tocilizumab,托珠单抗,zh
cyclophosphamide,环磷酰胺,zh
intravenous immunoglobulin,静脉注射免疫球蛋白,zh
juvenile idiopathic arthritis,幼年特发性关节炎,zh
systemic lupus erythematosus,系统性红斑狼疮,zh
SLE,系统性红斑狼疮,zh
vasculitis,血管炎,zh
autoantibody,自身抗体,zh
interferon,干扰素,zh
cytokine,细胞因子,zh
innate immunity,先天免疫,zh
adaptive immunity,适应性免疫,zh
autoinflammatory,自身炎症性,zh
pathogenesis,发病机制,zh
prognosis,预后,zh
pediatric,儿科,zh
T cell,T 细胞,zh
T-cell,T 细胞,zh
B cell,B 细胞,zh
B-cell,B 细胞,zh
interleukin-6,白细胞介素-6,zh
IL-6,白细胞介素-6,zh
tumor necrosis factor,肿瘤坏死因子,zh
